first,last,emailAlan,Hamilton,alan.hamilton@host.fakeNathan,Alsop,nathan.alsop@host.fakeBrandon,Bond,brandon.bond@host.fakeLillian,Mackay,lillian.mackay@host.fakeDiana,Kerr,diana.kerr@host.fakeSamantha,Gray,samantha.gray@host.fakeWarren,Hamilton,warren.hamilton@host.fakeWilliam,Roberts,william.roberts@host.fakeElla,Allan,ella.allan@host.fakeFrank,Vaughan,frank.vaughan@host.fakeTrevor,Lawrence,trevor.lawrence@host.fakeCaroline,Robertson,caroline.robertson@host.fakeSebastian,Piper,sebastian.piper@host.fakeJustin,Gibson,justin.gibson@host.fakeFiona,Davidson,fiona.davidson@host.fakeHannah,Rees,hannah.rees@host.fakePippa,MacDonald,pippa.macdonald@host.fakeWendy,Wilson,wendy.wilson@host.fakePippa,Parsons,pippa.parsons@host.fakeNatalie,Young,natalie.young@host.fakeMaria,Bailey,maria.bailey@host.fakeHarry,Mills,harry.mills@host.fakeDan,Grant,dan.grant@host.fakeGordon,Bell,gordon.bell@host.fakeAngela,Hughes,angela.hughes@host.fakeJack,Hunter,jack.hunter@host.fakeChloe,Hardacre,chloe.hardacre@host.fakeEmily,Gill,emily.gill@host.fakeNicola,Taylor,nicola.taylor@host.fakeAnne,MacDonald,anne.macdonald@host.fakeWendy,Anderson,wendy.anderson@host.fakeWendy,Lewis,wendy.lewis@host.fakeRachel,Henderson,rachel.henderson@host.fakeStephanie,Forsyth,stephanie.forsyth@host.fakeAudrey,Watson,audrey.watson@host.fakeGavin,Young,gavin.young@host.fakePenelope,Mackenzie,penelope.mackenzie@host.fakeLuke,Slater,luke.slater@host.fakeOlivia,Lee,olivia.lee@host.fakeDavid,Smith,david.smith@host.fakeJohn,Ogden,john.ogden@host.fakeEdward,Bower,edward.bower@host.fakeWilliam,Mills,william.mills@host.fakeUna,Gray,una.gray@host.fakeHarry,Mathis,harry.mathis@host.fakeJan,North,jan.north@host.fakeBlake,Watson,blake.watson@host.fakeNeil,Mackenzie,neil.mackenzie@host.fakePiers,Newman,piers.newman@host.fakeAnthony,Graham,anthony.graham@host.fakeIan,Dickens,ian.dickens@host.fakeDan,Mitchell,dan.mitchell@host.fakeSamantha,Kelly,samantha.kelly@host.fakeAmy,May,amy.may@host.fakeLily,Langdon,lily.langdon@host.fakeOliver,Scott,oliver.scott@host.fakeGrace,Dickens,grace.dickens@host.fakeFaith,Morrison,faith.morrison@host.fakeKeith,Dickens,keith.dickens@host.fakeFiona,Berry,fiona.berry@host.fakeDonna,Underwood,donna.underwood@host.fakeMegan,Henderson,megan.henderson@host.fakeAustin,Duncan,austin.duncan@host.fakeConnor,Nash,connor.nash@host.fakeRose,Hodges,rose.hodges@host.fakeKylie,Rampling,kylie.rampling@host.fakeStewart,White,stewart.white@host.fakeIan,Carr,ian.carr@host.fakeJack,Morrison,jack.morrison@host.fakeJake,Lawrence,jake.lawrence@host.fakeEdward,Burgess,edward.burgess@host.fakeAnthony,Skinner,anthony.skinner@host.fakeSally,Parsons,sally.parsons@host.fakeAnthony,Rampling,anthony.rampling@host.fakeJasmine,Hardacre,jasmine.hardacre@host.fakeDan,Avery,dan.avery@host.fakeAdam,Kerr,adam.kerr@host.fakeCarolyn,Lee,carolyn.lee@host.fakeJacob,Glover,jacob.glover@host.fakeJulia,Smith,julia.smith@host.fakeWarren,Rutherford,warren.rutherford@host.fakeJonathan,McGrath,jonathan.mcgrath@host.fakeEvan,Bailey,evan.bailey@host.fakeAdam,Duncan,adam.duncan@host.fakeElla,Campbell,ella.campbell@host.fakePhil,Miller,phil.miller@host.fakeJoseph,Marshall,joseph.marshall@host.fakeRobert,Blake,robert.blake@host.fakeAva,Watson,ava.watson@host.fakeFaith,McDonald,faith.mcdonald@host.fakeFiona,Howard,fiona.howard@host.fakeJasmine,Vaughan,jasmine.vaughan@host.fakeJoshua,Rutherford,joshua.rutherford@host.fakeMax,Carr,max.carr@host.fakeWarren,Terry,warren.terry@host.fakeMichelle,Langdon,michelle.langdon@host.fakeSonia,Knox,sonia.knox@host.fakeGordon,Walsh,gordon.walsh@host.fakeJessica,Lee,jessica.lee@host.fakeKeith,Paige,keith.paige@host.fake